requirement_id,clause,normative_paragraph,conformance_status,evidence_or_open_work
REQ-001,Introduction,"MUST and MUST NOT identify architectural requirements, not claims that every requirement is implemented. Sections 1 through 13 express the consolidated target contract. Section 14 records implementation evidence. Section 15 records the reconciliations and integration obligations approved by Joe Kasper on 15 September 2026. Appendix A maps the source material; Appendix B supports engineering review.",OPEN,No runtime conformance certification. See ../CONFORMANCE_v4_2.md.
REQ-002,1.1,Stability Engine MUST preserve structural continuity and bounded execution under adversarial conditions. It governs permitted operations and state transitions. It does not rely on tuning an agent's personality or on the agent voluntarily honoring its limits.,OPEN,No runtime conformance certification. See ../CONFORMANCE_v4_2.md.
REQ-003,2.1,"Identity MUST remain fixed during operation. No agent or runtime module may reinterpret, replace, or manufacture identity authority. A change requires Human Prime authorization and a signed rekey procedure through the protected configuration path.",OPEN,No runtime conformance certification. See ../CONFORMANCE_v4_2.md.
REQ-004,2.2,"Each component MUST operate within an explicit capability envelope. Optimization, self-repair, task pressure, or cooperation MUST NOT increase its authority. A granted ceiling and a temporary restriction are distinct: restriction may narrow operation without enlarging the grant.",OPEN,No runtime conformance certification. See ../CONFORMANCE_v4_2.md.
REQ-005,2.3,"Tier 0 is ephemeral, Tier 1 is session-scoped, and Tier 2 is human-authorized long-term state. Unauthorized cross-tier transfer, cross-agent contamination, hidden retention, and shadow stores MUST be prohibited.",OPEN,No runtime conformance certification. See ../CONFORMANCE_v4_2.md.
REQ-006,2.4,"Operational components MUST NOT rewrite geometric rules, constraints, or parameters. Signed configuration changes require invariant verification and controlled activation. Computing a candidate correction under fixed rules does not authorize changing those rules.",OPEN,No runtime conformance certification. See ../CONFORMANCE_v4_2.md.
REQ-007,2.5,"Every protected operation MUST be mediated by the Interposer. Neither an adapter, a stability certificate, a recovery function, nor a collaborator integration may create a second authority path.",OPEN,No runtime conformance certification. See ../CONFORMANCE_v4_2.md.
REQ-008,2.6,"Continuity MUST derive from authorized, attributable state. Inferred preferences, fabricated history, cached artifacts, or generated claims MUST NOT be treated as established identity or persistent memory without the required authorization.",OPEN,No runtime conformance certification. See ../CONFORMANCE_v4_2.md.
REQ-009,2.7,"Configured drift levels MUST trigger their defined response: warning, cooldown, or hard clamp and baseline recovery. Components MUST NOT silently relax thresholds to obtain a successful result.",OPEN,No runtime conformance certification. See ../CONFORMANCE_v4_2.md.
REQ-010,2.8,"The system MUST NOT adapt its constraints, memory, or behavior toward persuasion, emotional leverage, or dependency. Presence and presentation functions inherit this restriction.",OPEN,No runtime conformance certification. See ../CONFORMANCE_v4_2.md.
REQ-011,2.10,"Ambiguity, malformed input, failed verification, or loss of a required enforcement component MUST select a deterministic safe outcome. If no authorized path remains, the system MUST stop, refuse, or escalate for a decision. It MUST NOT treat unauthorized completion as success.",OPEN,No runtime conformance certification. See ../CONFORMANCE_v4_2.md.
REQ-012,3.1,"An envelope MUST identify permitted operations, scope, I/O limits, memory access, cooldown rules, and refusal thresholds. It is fixed at instantiation unless replaced through the authorized elevation procedure.",OPEN,No runtime conformance certification. See ../CONFORMANCE_v4_2.md.
REQ-013,3.2,"Stress MUST narrow effective capability or stop execution. It MUST NOT expand permissions, scope, recursion, or access to other agents' state.",OPEN,No runtime conformance certification. See ../CONFORMANCE_v4_2.md.
REQ-014,3.3,"Every capability request MUST pass identity, memory-tier, and geometry checks. Failure of any check denies the protected operation. Passing one check is not permission to skip another.",OPEN,No runtime conformance certification. See ../CONFORMANCE_v4_2.md.
REQ-015,3.4,"The Control Plane MUST NOT grant authority, modify identity, rewrite geometry, change refusal logic, or bypass a denied request. Scheduling priority is not permission.",OPEN,No runtime conformance certification. See ../CONFORMANCE_v4_2.md.
REQ-016,3.6,"Agents MUST NOT perform recursive elevation requests, create new operational modes, or combine privileges to simulate a capability outside their envelopes. Recovery MUST stay within existing authority.",OPEN,No runtime conformance certification. See ../CONFORMANCE_v4_2.md.
REQ-017,3.7,A boundary violation MUST return an explicit refusal. The system MUST NOT negotiate around its own invariant checks or substitute an unapproved route.,OPEN,No runtime conformance certification. See ../CONFORMANCE_v4_2.md.
REQ-018,3.8,"An ambiguous or failed gate MUST decline the operation, initiate the prescribed protective response, record the failure, and escalate to Integrity when available. An unavailable Integrity Unit MUST NOT turn the refusal into permission.",OPEN,No runtime conformance certification. See ../CONFORMANCE_v4_2.md.
REQ-019,3.9,"Accepted and refused requests MUST be attributable to the actor, operation, applicable envelope, invariant context, and decision. Trace identifiers MUST distinguish one request and its descendants from unrelated activity.",OPEN,No runtime conformance certification. See ../CONFORMANCE_v4_2.md.
REQ-020,3.10,Agents may cooperate in task decomposition and explicitly authorized sharing. Cooperation MUST NOT manufacture new authority or conceal cross-agent access behind a combined result.,OPEN,No runtime conformance certification. See ../CONFORMANCE_v4_2.md.
REQ-021,4.1,"Tier 0 MUST be local to an operation and isolated per agent. It MUST be cleared at the defined operation boundary and MUST NOT become persistent identity or continuity. Runtime cleanup must cover successful, refused, and failed operations.",OPEN,No runtime conformance certification. See ../CONFORMANCE_v4_2.md.
REQ-022,4.2,Tier 1 MUST remain within the active session and assigned agent boundary. It MUST NOT automatically survive the session or independently promote itself into Tier 2. Cooldown may freeze or clear it under the prescribed response.,OPEN,No runtime conformance certification. See ../CONFORMANCE_v4_2.md.
REQ-023,4.3,"Tier 2 holds explicitly authorized identity anchors, continuity records, and system truth. Writes, revocation, freezing, forking, and rollback MUST remain under Human Prime authority and Interposer enforcement.",OPEN,No runtime conformance certification. See ../CONFORMANCE_v4_2.md.
REQ-024,4.4,"Autonomous T0-to-T1, T0-to-T2, and T1-to-T2 promotion MUST be denied. No tier may write to geometry. Raw Tier 0 access from a Tier 2 context MUST be denied. Raw Tier 2 state MUST NOT be exposed to Tier 0 as a continuity shortcut.",OPEN,No runtime conformance certification. See ../CONFORMANCE_v4_2.md.
REQ-025,4.5,"The detailed v4.0 rules permit Tier 1 to read sanitized Tier 2 metadata and to make ephemeral Tier 0 copies. These paths MUST preserve scope, attribution, and isolation. A component's place in the six-layer integration map does not assign it unrestricted memory access.",OPEN,No runtime conformance certification. See ../CONFORMANCE_v4_2.md.
REQ-026,4.6,"Metrics identifies the violation, the Interposer denies affected operations, and the Control Plane applies cooldown or isolation. Integrity validates the incident and the geometry path checks structural admissibility through the Interposer. Recovery MUST NOT erase the evidence needed to inspect the incident.",OPEN,No runtime conformance certification. See ../CONFORMANCE_v4_2.md.
REQ-027,4.7,"Agents MUST NOT manufacture long-term state, preference records, or identity from unapproved inference. Memory and presence adapters MUST NOT use caches, logs, embeddings, or shared objects as alternate persistence routes.",OPEN,No runtime conformance certification. See ../CONFORMANCE_v4_2.md.
REQ-028,4.8,"Every Tier 2 mutation MUST record actor, authorization, timestamp, lineage, envelope reference, and invariant justification. Operational audit evidence is not automatically agent memory. Its storage and recall boundary must be explicit; see Section 13.3.",OPEN,No runtime conformance certification. See ../CONFORMANCE_v4_2.md.
REQ-029,5.1,"Geometry defines admissible structural states, coherence boundaries, and permitted corridors within a declared model. A geometric verdict MUST NOT supersede identity, memory, or capability restrictions.",OPEN,No runtime conformance certification. See ../CONFORMANCE_v4_2.md.
REQ-030,5.2,"No runtime subsystem may change geometric policy or parameters. Approved configuration changes MUST be versioned and verified before activation. Recovery changes candidate state under the model, not the authority or model used to judge it.",OPEN,No runtime conformance certification. See ../CONFORMANCE_v4_2.md.
REQ-031,5.4,"Geometry MUST NOT store agent biography, identity, preferences, or session context. Collaborator-owned internal holonomy is not agent memory and MUST remain private behind the adapter. The distinction between fixed rules and permitted internal computation is addressed in Section 15.2.",OPEN,No runtime conformance certification. See ../CONFORMANCE_v4_2.md.
REQ-032,5.5,"The Interposer MUST mediate structural inputs and remove disallowed identity, session, and preference information before geometry evaluation. Attribution needed for audit MUST be retained on the Stability Engine side without exposing raw private state to the backend.",OPEN,No runtime conformance certification. See ../CONFORMANCE_v4_2.md.
REQ-033,5.6,"Geometry evaluates admissibility. It MUST NOT grant new operations, access rights, or capability scope. A numerically admissible result is not execution authorization.",OPEN,No runtime conformance certification. See ../CONFORMANCE_v4_2.md.
REQ-034,5.7,"Conflicts MUST be resolved in this order: invariant protection, continuity preservation, capability limitation, then task resolution. Task value MUST NOT reverse that ordering.",OPEN,No runtime conformance certification. See ../CONFORMANCE_v4_2.md.
REQ-035,5.8,"Adaptive loops, scoring, reinforcement shaping, cache behavior, and performance optimization MUST NOT rewrite geometry. Reweighting a metric to manufacture a passing result is an unauthorized configuration change.",OPEN,No runtime conformance certification. See ../CONFORMANCE_v4_2.md.
REQ-036,5.9,"Correction MUST operate under declared limits and return an explicit outcome. Only an admissible, authorized result may be committed. Numerical failure or exhausted limits MUST return control to the enforcement and recovery path without widening authority.",OPEN,No runtime conformance certification. See ../CONFORMANCE_v4_2.md.
REQ-037,5.10,"Ambiguous or inadmissible signals MUST resolve to the defined safe path or no operation. v4.2 demonstrates local bounded correction, not global nearest-point projection, full manifold tracking, spectral admissibility, or finite-state collapse enforcement.",OPEN,No runtime conformance certification. See ../CONFORMANCE_v4_2.md.
REQ-038,6.1,"The Interposer MUST mediate all operations affecting protected identity, memory, capability, or geometry. Operational components MUST NOT suppress, replace, or override its verdicts.",OPEN,No runtime conformance certification. See ../CONFORMANCE_v4_2.md.
REQ-039,6.2,"The Interposer MUST enforce the complete applicable invariant set. An operation cannot gain permission through a transport message, mock consent flag, or an adapter's own assertion of clearance.",OPEN,No runtime conformance certification. See ../CONFORMANCE_v4_2.md.
REQ-040,6.4,Geometry evaluation MUST pass through the Interposer and the applicable geometry adapter. Direct orchestrator-to-geometry access is forbidden. The future Integrity-to-URIEL exchange MUST preserve this enforcement responsibility rather than introduce a second route.,OPEN,No runtime conformance certification. See ../CONFORMANCE_v4_2.md.
REQ-041,6.5,Authority checks MUST validate the authorization applicable to the specific operation. Cryptographic verification remains a target requirement. The scaffold's string-presence and mock consent checks MUST NOT be represented as cryptographic enforcement.,OPEN,No runtime conformance certification. See ../CONFORMANCE_v4_2.md.
REQ-042,6.6,"The Interposer MUST issue the prescribed clamp, memory freeze, write block, or cooldown directive when drift crosses its configured boundary. It MUST NOT quietly revise the threshold or authorize a workaround.",OPEN,No runtime conformance certification. See ../CONFORMANCE_v4_2.md.
REQ-043,6.7,"Caching, monitoring, routing, and recovery shortcuts MUST NOT bypass invariant checks or introduce unauthorized persistence. Performance gains do not confer authority.",OPEN,No runtime conformance certification. See ../CONFORMANCE_v4_2.md.
REQ-044,6.8,"The Interposer verifies identity boundaries but MUST NOT become an identity store or infer identity. Immutable policy and verification context are distinct from agent memory. Broad state ownership remains an explicit engineering question, not an assumed implementation property.",OPEN,No runtime conformance certification. See ../CONFORMANCE_v4_2.md.
REQ-045,6.9,"Refusals MUST identify the reason code, invariant violated, capability boundary, safe alternative when one exists, and trace reference. Deterministic means stable decision rules and result structure; timestamps and unique trace identifiers need not be identical between executions.",OPEN,No runtime conformance certification. See ../CONFORMANCE_v4_2.md.
REQ-046,6.10,"The Interposer's rules MUST NOT be tuned or replaced during runtime. Changes require human authorization, invariant and geometry compatibility checks, and the controlled rebuild or rekey process. Python-level attribute protection alone does not satisfy hostile-runtime immutability.",OPEN,No runtime conformance certification. See ../CONFORMANCE_v4_2.md.
REQ-047,7.2,"The Control Plane MUST NOT change identity, invariants, geometry, refusal rules, drift thresholds, or the granted capability ceiling.",OPEN,No runtime conformance certification. See ../CONFORMANCE_v4_2.md.
REQ-048,7.3,"The Control Plane MUST NOT elevate an agent, authorize a Tier 2 mutation, override cooldown, or lift a refusal on its own initiative.",OPEN,No runtime conformance certification. See ../CONFORMANCE_v4_2.md.
REQ-049,7.4,"It MUST apply Interposer directives. If a required protection cannot be applied or confirmed, affected work MUST remain blocked.",OPEN,No runtime conformance certification. See ../CONFORMANCE_v4_2.md.
REQ-050,7.5,"Partitioning, load balancing, sequencing, and permitted sharing MUST preserve per-agent isolation and envelope limits. Task allocation MUST NOT combine permissions into an unauthorized aggregate capability.",OPEN,No runtime conformance certification. See ../CONFORMANCE_v4_2.md.
REQ-051,7.6,"Recovery MUST stop the affected sequence, isolate the fault, clear Tier 0, and apply authorized Tier 1 cleanup as required. It MUST preserve geometry rules and record the failure. Retry is permitted only within the existing authorized recovery policy.",OPEN,No runtime conformance certification. See ../CONFORMANCE_v4_2.md.
REQ-052,7.7,"The Control Plane may reduce scope, add delays, and downgrade operation. It MUST NOT autonomously remove protective restrictions or increase capability usage. Recovery to broader operation requires the authorized path, not an elapsed timer alone.",OPEN,No runtime conformance certification. See ../CONFORMANCE_v4_2.md.
REQ-053,7.8,"The Control Plane MUST NOT own identity, long-term context, or preference models. Temporary coordination metadata must have a defined owner and lifetime. The v4.1 implementation retains per-agent state; separation of coordination metadata from protected stores remains incomplete.",OPEN,No runtime conformance certification. See ../CONFORMANCE_v4_2.md.
REQ-054,7.9,"Routing MUST follow the configured order of determinism, safety, latency, and throughput within already-authorized operations. Determinism never legitimizes a forbidden route. Quality-of-service targets cannot override enforcement; no numerical QoS commitment is established by this contract.",OPEN,No runtime conformance certification. See ../CONFORMANCE_v4_2.md.
REQ-055,7.10,"Control actions MUST record action identity, relevant actor, timestamp, invariant references, geometry surface when used, and result code. A successful coordination message is not proof that a downstream action completed.",OPEN,No runtime conformance certification. See ../CONFORMANCE_v4_2.md.
REQ-056,8.1,"AdSim MUST apply bounded adversarial pressure to test memory separation, refusal behavior, continuity, and synergy limits. It MUST NOT expand capability, import external data into its test scope, mutate identity or geometry, or initiate recursive self-testing. Outputs include breach attempts, drift signatures, and stress-response records.",OPEN,No runtime conformance certification. See ../CONFORMANCE_v4_2.md.
REQ-057,8.2,"Defense MUST apply authorized cooldown, safe-mode operation, isolation, and termination of unsafe sequences. It MUST NOT override the Interposer or widen envelopes. Outputs include protective-action records and recovery markers.",OPEN,No runtime conformance certification. See ../CONFORMANCE_v4_2.md.
REQ-058,8.3,"Integrity MUST validate invariant health, continuity authenticity, memory-tier separation, capability traces, and geometry alignment. It MUST NOT write Tier 2, change identity, alter thresholds, or rewrite refusal logic. v4.2 implements only the bounded correction surface described in Section 11.",OPEN,No runtime conformance certification. See ../CONFORMANCE_v4_2.md.
REQ-059,8.5,"The Control Plane MUST isolate an unstable unit. The Interposer clamps capability and mediates the required structural verification. The unit may reload only from its authorized baseline, without carrying unauthorized state forward. Audit evidence must remain separate from the reset unit.",OPEN,No runtime conformance certification. See ../CONFORMANCE_v4_2.md.
REQ-060,9.3,"Escalation transfers evidence and a decision request to the appropriate authority. It does not itself transfer permissions. If approval is unavailable, the system remains within the safe branch. Urgency MUST NOT create emergency authority implicitly.",OPEN,No runtime conformance certification. See ../CONFORMANCE_v4_2.md.
REQ-061,10.3,"QAMS MUST NOT infer intent, change payload meaning, grant authority, or use an alternate destination to bypass a denial. Queue acceptance, handler delivery, enforcement approval, and completed execution are distinct events. Their evidence must not be conflated.",OPEN,No runtime conformance certification. See ../CONFORMANCE_v4_2.md.
REQ-062,10.5,"The earlier four-level surface map uses L0 for intake, L1 for coherence, L2 for drift geometry, and L3 for rule response. It is a different conceptual view. Historical arrows directly connecting agents or Purple to geometry MUST NOT be read as valid v4.2 implementation routes.",OPEN,No runtime conformance certification. See ../CONFORMANCE_v4_2.md.
REQ-063,10.7,"Presence and memory backends remain collaborator interfaces with mocks in the scaffold. They MUST NOT become alternate identity stores, decision authorities, or uncontrolled persistence paths. Optional integration failure and required safety-component failure must be distinguished explicitly.",OPEN,No runtime conformance certification. See ../CONFORMANCE_v4_2.md.
REQ-064,11.3,The residual metric weights constraint violations and is validated as symmetric positive semidefinite. The state metric determines the correction's minimum-norm objective and is validated as symmetric positive definite. They have different dimensions and MUST NOT be treated as interchangeable.,OPEN,No runtime conformance certification. See ../CONFORMANCE_v4_2.md.
REQ-065,11.5,"Declared iteration limits bound loop iterations, not arbitrary callback execution time. TAU_WARN and TAU_COOL are declared but unused. They MUST NOT be presented as live warning or cooldown integration.",OPEN,No runtime conformance certification. See ../CONFORMANCE_v4_2.md.
REQ-066,11.6,CoordinateDomain accepts finite vectors and optional elementwise box bounds. The correction method checks domain admissibility at convergence. It does not prove that every intermediate candidate stays inside a safe corridor. Intermediate numerical candidates MUST NOT be committed to live system state merely because they were generated by the solver.,OPEN,No runtime conformance certification. See ../CONFORMANCE_v4_2.md.
REQ-067,11.8,"Some invalid inputs, including a non-finite initial state and a mismatched Jacobian shape, raise ValueError rather than return CorrectionResult. Future runtime integration MUST handle both returned failures and exceptions without committing a candidate or bypassing enforcement. An adapter-normalized error schema is required but is not implemented in v4.2.",OPEN,No runtime conformance certification. See ../CONFORMANCE_v4_2.md.
REQ-068,11.9,"A converged result MUST still satisfy the caller's complete invariant, permission, and acceptance checks before use. Failure MUST NOT authorize additional iterations, relaxed metrics, broader domain bounds, or direct collaborator access.",OPEN,No runtime conformance certification. See ../CONFORMANCE_v4_2.md.
REQ-069,12.1,Integrity owns the Stability Engine-facing correction interface. URIEL-3b owns its internal holonomy and geometric operators. The adapter mediates. Raw collaborator internals MUST NOT cross the boundary.,OPEN,No runtime conformance certification. See ../CONFORMANCE_v4_2.md.
REQ-070,12.2,"The adapter is a translation and containment boundary, not a policy authority. It MUST preserve Interposer enforcement over Stability Engine-bound operations. Interface ownership by Integrity does not permit it to bypass that enforcement.",OPEN,No runtime conformance certification. See ../CONFORMANCE_v4_2.md.
REQ-071,12.3,"Direct calls to URIEL internal operators, raw holonomy transfer, shared mutable state, runtime rule mutation, and fallback to unmediated access MUST be prohibited. Neither project silently inherits the other's authority through integration.",OPEN,No runtime conformance certification. See ../CONFORMANCE_v4_2.md.
REQ-072,12.4,"The adapter MUST validate schemas, dimensions, domains, and attribution. It MUST translate bounded requests and results without exposing collaborator internals. Malformed or inadmissible exchange MUST fail closed and preserve the last known admissible committed state.",OPEN,No runtime conformance certification. See ../CONFORMANCE_v4_2.md.
REQ-073,13.1,"The system MUST retain attributable records of relevant observations, routing, gate decisions, correction outcomes, and recovery actions. A denied or failed operation must remain distinguishable from completed execution. Resetting an agent MUST NOT silently rewrite its incident history.",OPEN,No runtime conformance certification. See ../CONFORMANCE_v4_2.md.
REQ-074,13.2,"Trace identifiers and payload digests support correlation. They MUST NOT be described as authenticated, tamper-proof evidence solely because they are called hashes. The scaffold uses UUID-derived identifiers and truncated SHA-256 values, including a repr-based payload digest. It does not implement a cryptographically authenticated evidence chain.",OPEN,No runtime conformance certification. See ../CONFORMANCE_v4_2.md.
REQ-075,13.3,"Audit retention MUST have an explicit schema, owner, access policy, and lifetime. Retaining evidence MUST NOT grant an agent permission to recall it as personal continuity. Section 15.3 establishes the approved separation between automatic audit writes and human-gated Tier 2, with implementation details requiring explicit authorization.",OPEN,No runtime conformance certification. See ../CONFORMANCE_v4_2.md.
REQ-076,13.4,"Escalation MUST preserve the attempted operation, relevant actor and trace, boundary hit, failed checks, protective actions, and unresolved authority requirement. Integrity may evaluate the evidence; only the authorized decision path may approve additional permission. The full escalation packet is still unimplemented.",OPEN,No runtime conformance certification. See ../CONFORMANCE_v4_2.md.
REQ-077,13.5,"Changes to identity, authority, constraints, metrics, adapters, or recovery policy MUST be explicit and versioned. Runtime optimization MUST NOT perform them. Historical contracts and release artifacts remain preserved as provenance rather than being silently rewritten.",OPEN,No runtime conformance certification. See ../CONFORMANCE_v4_2.md.
REQ-078,15.1,"The consolidated v4.0 text categorically forbids upward writes, while the detailed contract defines authorized Tier 2 updates and v4.1 explicitly tests signed T1-to-T2 access. The approved interpretation in Clause 4.4 distinguishes autonomous promotion from a separately authorized transaction. Human Prime approval MUST remain transaction-scoped.",OPEN,No runtime conformance certification. See ../CONFORMANCE_v4_2.md.
REQ-079,15.1,The older documents describe the T2/T0 read direction inconsistently. This contract blocks raw exchange in either direction and retains the detailed contract's sanitized Tier 2 metadata path to Tier 1. This policy is approved. An explicit requester/source/destination schema MUST be defined before implementation.,OPEN,No runtime conformance certification. See ../CONFORMANCE_v4_2.md.
REQ-080,15.3,"Automatic audit logging and human-gated long-term agent memory MUST have separate access semantics. Operational evidence MUST be preserved without making it an agent recall channel. This approved separation does not introduce a fourth memory tier. The record schema, retention authority, and storage placement MUST be explicitly authorized before implementation.",OPEN,No runtime conformance certification. See ../CONFORMANCE_v4_2.md.
REQ-081,15.4,"Before runtime integration, the acceptance policy MUST specify whether mandatory constraints may use a singular residual metric or require independent per-constraint validation, and whether domain checks apply to every candidate or only the final result. Exception normalization, callback execution limits, and the final-iteration acceptance rule MUST also be specified. Approval of this clause establishes these obligations; it does not select an unspecified alternative or change the prototype behavior documented in Section 11.",OPEN,No runtime conformance certification. See ../CONFORMANCE_v4_2.md.
REQ-082,15.5,The six-layer integration view MUST remain distinct from the four-level surface map and the three memory tiers. Historical TSRL naming variants and R = 4 provenance MUST be preserved without presenting a universal mathematical guarantee as established. This contract authorizes no repository-wide renaming or v5.0 reorganization.,OPEN,No runtime conformance certification. See ../CONFORMANCE_v4_2.md.
REQ-083,15.6,"Joe Kasper approved Clauses 15.1 through 15.6 on 15 September 2026. Each MUST requirement MUST be traced to code, tests, or an open issue for conformance review. Outstanding integration details in this section MUST be resolved before the affected integration proceeds. Hardened-containment claims require demonstrated enforcement, authenticated authority, fail-closed handling, and controlled audit persistence. Contract approval does not certify implementation conformance.",OPEN,No runtime conformance certification. See ../CONFORMANCE_v4_2.md.
